[
  {
    "video_id": 114,
    "total_views": 453
  },
  {
    "video_id": 110,
    "total_views": 433
  },
  {
    "video_id": 105,
    "total_views": 1030
  },
  {
    "video_id": 111,
    "total_views": 2310
  },
  {
    "video_id": 113,
    "total_views": 1234
  },
  {
    "video_id": 116,
    "total_views": 4556
  },
  {
    "video_id": 112,
    "total_views": 1230
  },
  {
    "video_id": 115,
    "total_views": 8754
  },
  {
    "video_id": 107,
    "total_views": 400
  },
  {
    "video_id": 108,
    "total_views": 3200
  },
  {
    "video_id": 109,
    "total_views": 1233
  },
  {
    "video_id": 104,
    "total_views": 153
  },
  {
    "video_id": 102,
    "total_views": 2000
  },
  {
    "video_id": 106,
    "total_views": 1234
  },
  {
    "video_id": 101,
    "total_views": 1000
  },
  {
    "video_id": 103,
    "total_views": 1032
  }
]