[
  {
    "video_id": 114,
    "num_comentarios": 1
  },
  {
    "video_id": 110,
    "num_comentarios": 1
  },
  {
    "video_id": 105,
    "num_comentarios": 1
  },
  {
    "video_id": 111,
    "num_comentarios": 1
  },
  {
    "video_id": 113,
    "num_comentarios": 1
  },
  {
    "video_id": 116,
    "num_comentarios": 1
  },
  {
    "video_id": 112,
    "num_comentarios": 1
  },
  {
    "video_id": 115,
    "num_comentarios": 1
  },
  {
    "video_id": 107,
    "num_comentarios": 1
  },
  {
    "video_id": 108,
    "num_comentarios": 1
  },
  {
    "video_id": 109,
    "num_comentarios": 1
  },
  {
    "video_id": 104,
    "num_comentarios": 1
  },
  {
    "video_id": 102,
    "num_comentarios": 1
  },
  {
    "video_id": 106,
    "num_comentarios": 1
  },
  {
    "video_id": 101,
    "num_comentarios": 4
  },
  {
    "video_id": 103,
    "num_comentarios": 1
  }
]