[
  {
    "username": "user13",
    "video_id": 114,
    "event_timestamp": "2024-01-27 13:30:00.000",
    "event_type": "pause",
    "video_time_in_seconds": 7500
  },
  {
    "username": "user13",
    "video_id": 114,
    "event_timestamp": "2024-01-27 13:00:00.000",
    "event_type": "play",
    "video_time_in_seconds": 350
  },
  {
    "username": "user13",
    "video_id": 114,
    "event_timestamp": "2024-01-27 12:00:00.000",
    "event_type": "pause",
    "video_time_in_seconds": 350
  }
]