[
  {
    "[json]": "{\"username\": \"user14\", \"comment_timestamp\": \"2024-01-27 14:30:00.000Z\", \"comentario\": \"comentario13\", \"video_id\": 113}"
  },
  {
    "[json]": "{\"username\": \"user8\", \"comment_timestamp\": \"2024-01-21 14:30:00.000Z\", \"comentario\": \"comentario7\", \"video_id\": 107}"
  },
  {
    "[json]": "{\"username\": \"user12\", \"comment_timestamp\": \"2024-01-25 14:30:00.000Z\", \"comentario\": \"comentario11\", \"video_id\": 111}"
  },
  {
    "[json]": "{\"username\": \"user2\", \"comment_timestamp\": \"2024-01-15 12:00:00.000Z\", \"comentario\": \"comentario1\", \"video_id\": 101}"
  },
  {
    "[json]": "{\"username\": \"user9\", \"comment_timestamp\": \"2024-01-24 14:30:00.000Z\", \"comentario\": \"comentario10\", \"video_id\": 110}"
  },
  {
    "[json]": "{\"username\": \"user13\", \"comment_timestamp\": \"2024-01-28 14:30:00.000Z\", \"comentario\": \"comentario14\", \"video_id\": 114}"
  },
  {
    "[json]": "{\"username\": \"user4\", \"comment_timestamp\": \"2024-01-17 14:30:00.000Z\", \"comentario\": \"comentario3\", \"video_id\": 103}"
  },
  {
    "[json]": "{\"username\": \"user4\", \"comment_timestamp\": \"2024-01-17 12:00:00.000Z\", \"comentario\": \"comentario1_-\", \"video_id\": 101}"
  },
  {
    "[json]": "{\"username\": \"user4\", \"comment_timestamp\": \"2024-01-15 12:00:00.000Z\", \"comentario\": \"comentario1_-\", \"video_id\": 101}"
  },
  {
    "[json]": "{\"username\": \"user1\", \"comment_timestamp\": \"2024-01-16 14:30:00.000Z\", \"comentario\": \"comentario2\", \"video_id\": 102}"
  },
  {
    "[json]": "{\"username\": \"user10\", \"comment_timestamp\": \"2024-01-23 14:30:00.000Z\", \"comentario\": \"comentario9\", \"video_id\": 109}"
  },
  {
    "[json]": "{\"username\": \"user7\", \"comment_timestamp\": \"2024-01-22 14:30:00.000Z\", \"comentario\": \"comentario8\", \"video_id\": 108}"
  },
  {
    "[json]": "{\"username\": \"user3\", \"comment_timestamp\": \"2024-01-18 14:30:00.000Z\", \"comentario\": \"comentario4\", \"video_id\": 104}"
  },
  {
    "[json]": "{\"username\": \"user3\", \"comment_timestamp\": \"2024-01-15 15:00:00.000Z\", \"comentario\": \"comentario1_\", \"video_id\": 101}"
  },
  {
    "[json]": "{\"username\": \"user3\", \"comment_timestamp\": \"2024-01-15 12:00:00.000Z\", \"comentario\": \"comentario1_\", \"video_id\": 101}"
  },
  {
    "[json]": "{\"username\": \"user6\", \"comment_timestamp\": \"2024-01-19 14:30:00.000Z\", \"comentario\": \"comentario5\", \"video_id\": 105}"
  },
  {
    "[json]": "{\"username\": \"user11\", \"comment_timestamp\": \"2024-01-26 14:30:00.000Z\", \"comentario\": \"comentario12\", \"video_id\": 112}"
  },
  {
    "[json]": "{\"username\": \"user5\", \"comment_timestamp\": \"2024-01-20 14:30:00.000Z\", \"comentario\": \"comentario6\", \"video_id\": 106}"
  },
  {
    "[json]": "{\"username\": \"user5\", \"comment_timestamp\": \"2024-01-15 12:00:00.000Z\", \"comentario\": \"comentario1/\", \"video_id\": 101}"
  },
  {
    "[json]": "{\"username\": \"user5\", \"comment_timestamp\": \"2024-01-13 12:00:00.000Z\", \"comentario\": \"comentario1/\", \"video_id\": 101}"
  },
  {
    "[json]": "{\"username\": \"user16\", \"comment_timestamp\": \"2024-01-29 14:30:00.000Z\", \"comentario\": \"comentario15\", \"video_id\": 115}"
  },
  {
    "[json]": "{\"username\": \"user15\", \"comment_timestamp\": \"2024-01-30 14:30:00.000Z\", \"comentario\": \"comentario16\", \"video_id\": 116}"
  }
]