[
  {
    "[json]": "{\"username\": \"user14\", \"email\": \"Olivia@gmail.com\", \"nome\": \"Olivia Silva\", \"registration_timestamp\": \"2023-11-10 10:00:00.000Z\"}"
  },
  {
    "[json]": "{\"username\": \"user8\", \"email\": \"Henrique@gmail.com\", \"nome\": \"Henrique Silva\", \"registration_timestamp\": \"2023-05-10 10:00:00.000Z\"}"
  },
  {
    "[json]": "{\"username\": \"user12\", \"email\": \"Maria@gmail.com\", \"nome\": \"Maria Silva\", \"registration_timestamp\": \"2023-09-10 10:00:00.000Z\"}"
  },
  {
    "[json]": "{\"username\": \"user2\", \"email\": \"Beatriz@gmail.com\", \"nome\": \"Beatriz Santos\", \"registration_timestamp\": \"2023-11-10 10:00:00.000Z\"}"
  },
  {
    "[json]": "{\"username\": \"user9\", \"email\": \"Ivo@gmail.com\", \"nome\": \"Ivo Silva\", \"registration_timestamp\": \"2023-06-10 10:00:00.000Z\"}"
  },
  {
    "[json]": "{\"username\": \"user13\", \"email\": \"Nuno@gmail.com\", \"nome\": \"Nuno Silva\", \"registration_timestamp\": \"2023-10-10 10:00:00.000Z\"}"
  },
  {
    "[json]": "{\"username\": \"user4\", \"email\": \"Daniel@gmail.com\", \"nome\": \"Daniel Brandao\", \"registration_timestamp\": \"2023-01-10 10:00:00.000Z\"}"
  },
  {
    "[json]": "{\"username\": \"user1\", \"email\": \"alice@gmail.com\", \"nome\": \"Alice Silva\", \"registration_timestamp\": \"2023-10-10 10:00:00.000Z\"}"
  },
  {
    "[json]": "{\"username\": \"user10\", \"email\": \"Joao@gmail.com\", \"nome\": \"Joao Silva\", \"registration_timestamp\": \"2023-07-10 10:00:00.000Z\"}"
  },
  {
    "[json]": "{\"username\": \"user7\", \"email\": \"Guilherme@gmail.com\", \"nome\": \"Guilherme Silva\", \"registration_timestamp\": \"2023-04-10 10:00:00.000Z\"}"
  },
  {
    "[json]": "{\"username\": \"user3\", \"email\": \"Carlos@gmail.com\", \"nome\": \"Carlos Gomes\", \"registration_timestamp\": \"2023-12-10 10:00:00.000Z\"}"
  },
  {
    "[json]": "{\"username\": \"user17\", \"email\": \"ru@gmail.com\", \"nome\": \"Rui Silva\", \"registration_timestamp\": \"2024-02-10 10:00:00.000Z\"}"
  },
  {
    "[json]": "{\"username\": \"user6\", \"email\": \"Francisca@gmail.com\", \"nome\": \"Francisca Silva\", \"registration_timestamp\": \"2023-03-10 10:00:00.000Z\"}"
  },
  {
    "[json]": "{\"username\": \"user11\", \"email\": \"Leonor@gmail.com\", \"nome\": \"Leonor Silva\", \"registration_timestamp\": \"2023-08-10 10:00:00.000Z\"}"
  },
  {
    "[json]": "{\"username\": \"user5\", \"email\": \"Eduarda@gmail.com\", \"nome\": \"Eduarda Costa\", \"registration_timestamp\": \"2023-02-10 10:00:00.000Z\"}"
  },
  {
    "[json]": "{\"username\": \"user16\", \"email\": \"quim@gmail.com\", \"nome\": \"Quim Silva\", \"registration_timestamp\": \"2024-01-10 10:00:00.000Z\"}"
  },
  {
    "[json]": "{\"username\": \"user15\", \"email\": \"Pualo@gmail.com\", \"nome\": \"Pualo Silva\", \"registration_timestamp\": \"2023-12-10 10:00:00.000Z\"}"
  },
  {
    "[json]": "{\"username\": \"user18\", \"email\": \"sandra@gmail.com\", \"nome\": \"Sandra Silva\", \"registration_timestamp\": \"2024-03-10 10:00:00.000Z\"}"
  }
]