[
  {
    "[json]": "{\"video_id\": 114, \"comment_timestamp\": \"2024-01-28 14:30:00.000Z\", \"author\": \"user13\", \"comentario\": \"comentario14\"}"
  },
  {
    "[json]": "{\"video_id\": 110, \"comment_timestamp\": \"2024-01-24 14:30:00.000Z\", \"author\": \"user9\", \"comentario\": \"comentario10\"}"
  },
  {
    "[json]": "{\"video_id\": 105, \"comment_timestamp\": \"2024-01-19 14:30:00.000Z\", \"author\": \"user6\", \"comentario\": \"comentario5\"}"
  },
  {
    "[json]": "{\"video_id\": 111, \"comment_timestamp\": \"2024-01-25 14:30:00.000Z\", \"author\": \"user12\", \"comentario\": \"comentario11\"}"
  },
  {
    "[json]": "{\"video_id\": 113, \"comment_timestamp\": \"2024-01-27 14:30:00.000Z\", \"author\": \"user14\", \"comentario\": \"comentario13\"}"
  },
  {
    "[json]": "{\"video_id\": 116, \"comment_timestamp\": \"2024-01-30 14:30:00.000Z\", \"author\": \"user15\", \"comentario\": \"comentario16\"}"
  },
  {
    "[json]": "{\"video_id\": 112, \"comment_timestamp\": \"2024-01-26 14:30:00.000Z\", \"author\": \"user11\", \"comentario\": \"comentario12\"}"
  },
  {
    "[json]": "{\"video_id\": 115, \"comment_timestamp\": \"2024-01-29 14:30:00.000Z\", \"author\": \"user16\", \"comentario\": \"comentario15\"}"
  },
  {
    "[json]": "{\"video_id\": 107, \"comment_timestamp\": \"2024-01-21 14:30:00.000Z\", \"author\": \"user8\", \"comentario\": \"comentario7\"}"
  },
  {
    "[json]": "{\"video_id\": 108, \"comment_timestamp\": \"2024-01-22 14:30:00.000Z\", \"author\": \"user7\", \"comentario\": \"comentario8\"}"
  },
  {
    "[json]": "{\"video_id\": 109, \"comment_timestamp\": \"2024-01-23 14:30:00.000Z\", \"author\": \"user10\", \"comentario\": \"comentario9\"}"
  },
  {
    "[json]": "{\"video_id\": 104, \"comment_timestamp\": \"2024-01-18 14:30:00.000Z\", \"author\": \"user3\", \"comentario\": \"comentario4\"}"
  },
  {
    "[json]": "{\"video_id\": 102, \"comment_timestamp\": \"2024-01-16 14:30:00.000Z\", \"author\": \"user1\", \"comentario\": \"comentario2\"}"
  },
  {
    "[json]": "{\"video_id\": 106, \"comment_timestamp\": \"2024-01-20 14:30:00.000Z\", \"author\": \"user5\", \"comentario\": \"comentario6\"}"
  },
  {
    "[json]": "{\"video_id\": 101, \"comment_timestamp\": \"2024-01-17 12:00:00.000Z\", \"author\": \"user4\", \"comentario\": \"comentario1_-\"}"
  },
  {
    "[json]": "{\"video_id\": 101, \"comment_timestamp\": \"2024-01-15 15:00:00.000Z\", \"author\": \"user3\", \"comentario\": \"comentario1_\"}"
  },
  {
    "[json]": "{\"video_id\": 101, \"comment_timestamp\": \"2024-01-15 12:00:00.000Z\", \"author\": \"user2\", \"comentario\": \"comentario1\"}"
  },
  {
    "[json]": "{\"video_id\": 101, \"comment_timestamp\": \"2024-01-13 12:00:00.000Z\", \"author\": \"user5\", \"comentario\": \"comentario1/\"}"
  },
  {
    "[json]": "{\"video_id\": 103, \"comment_timestamp\": \"2024-01-17 14:30:00.000Z\", \"author\": \"user4\", \"comentario\": \"comentario3\"}"
  }
]