[
  {
    "[json]": "{\"author\": \"user14\", \"upload_timestamp\": \"2024-06-01 09:00:00.000Z\", \"video_id\": 114, \"descricao\": \"Dicas de programação para iniciantes\", \"nome_video\": \"Programação Básica\", \"tags\": [\"iniciante\", \"programação\", \"tecnologia\"]}"
  },
  {
    "[json]": "{\"author\": \"user8\", \"upload_timestamp\": \"2024-03-05 19:45:00.000Z\", \"video_id\": 108, \"descricao\": \"Como fazer um jardim em casa\", \"nome_video\": \"Dicas de Jardinagem\", \"tags\": [\"casa\", \"jardinagem\", \"plantas\"]}"
  },
  {
    "[json]": "{\"author\": \"user12\", \"upload_timestamp\": \"2024-05-03 11:00:00.000Z\", \"video_id\": 112, \"descricao\": \"A importância de uma alimentação saudável\", \"nome_video\": \"Alimentação Saudável\", \"tags\": [\"bem-estar\", \"nutrição\", \"saúde\"]}"
  },
  {
    "[json]": "{\"author\": \"user2\", \"upload_timestamp\": \"2023-11-15 12:00:00.000Z\", \"video_id\": 102, \"descricao\": \"Receita de bolo de cenoura com cobertura de chocolate\", \"nome_video\": \"Receita de Bolo\", \"tags\": [\"culinária\", \"doce\"]}"
  },
  {
    "[json]": "{\"author\": \"user9\", \"upload_timestamp\": \"2024-03-20 13:20:00.000Z\", \"video_id\": 109, \"descricao\": \"Um livro clássico\", \"nome_video\": \"Leitura e Literatura\", \"tags\": [\"literatura\", \"livros\", \"resenha\"]}"
  },
  {
    "[json]": "{\"author\": \"user13\", \"upload_timestamp\": \"2024-05-10 17:45:00.000Z\", \"video_id\": 113, \"descricao\": \"Como aprender a desenhar\", \"nome_video\": \"Aula de Desenho\", \"tags\": [\"arte\", \"desenho\", \"técnica\"]}"
  },
  {
    "[json]": "{\"author\": \"user4\", \"upload_timestamp\": \"2024-01-10 10:15:00.000Z\", \"video_id\": 104, \"descricao\": \"Visita ao museu de arte moderna\", \"nome_video\": \"Tour no Museu\", \"tags\": [\"arte\", \"cultura\", \"museu\"]}"
  },
  {
    "[json]": "{\"author\": \"user1\", \"upload_timestamp\": \"2023-12-10 11:00:00.000Z\", \"video_id\": 120, \"descricao\": \"Viagem por portugal e arredores\", \"nome_video\": \"Vlog #3\", \"tags\": [\"Portugal\", \"viagem\"]}"
  },
  {
    "[json]": "{\"author\": \"user1\", \"upload_timestamp\": \"2023-11-10 11:00:00.000Z\", \"video_id\": 119, \"descricao\": \"Viagem por portugal e arredores\", \"nome_video\": \"Vlog #2\", \"tags\": [\"Portugal\", \"viagem\"]}"
  },
  {
    "[json]": "{\"author\": \"user1\", \"upload_timestamp\": \"2023-10-10 11:00:00.000Z\", \"video_id\": 101, \"descricao\": \"Viagem por portugal e arredores\", \"nome_video\": \"Vlog #1\", \"tags\": [\"Portugal\", \"viagem\"]}"
  },
  {
    "[json]": "{\"author\": \"user10\", \"upload_timestamp\": \"2024-04-01 07:30:00.000Z\", \"video_id\": 110, \"descricao\": \"Tour pela minha cidade natal\", \"nome_video\": \"Minha Cidade\", \"tags\": [\"cidade\", \"cultura\", \"passeio\"]}"
  },
  {
    "[json]": "{\"author\": \"user7\", \"upload_timestamp\": \"2024-02-15 09:00:00.000Z\", \"video_id\": 107, \"descricao\": \"História da arquitetura gótica\", \"nome_video\": \"História da Arte\", \"tags\": [\"arquitetura\", \"arte\", \"história\"]}"
  },
  {
    "[json]": "{\"author\": \"user3\", \"upload_timestamp\": \"2023-12-20 18:00:00.000Z\", \"video_id\": 103, \"descricao\": \"Tutorial de guitarra para iniciantes\", \"nome_video\": \"Aula de Guitarra\", \"tags\": [\"guitarra\", \"iniciante\", \"música\"]}"
  },
  {
    "[json]": "{\"author\": \"user17\", \"upload_timestamp\": \"2024-07-18 11:00:00.000Z\", \"video_id\": 117, \"descricao\": \"Truques para fazer slime em casa\", \"nome_video\": \"Diversão com Slime\", \"tags\": [\"DIY\", \"brinquedos\", \"infantil\"]}"
  },
  {
    "[json]": "{\"author\": \"user6\", \"upload_timestamp\": \"2024-02-01 16:30:00.000Z\", \"video_id\": 106, \"descricao\": \"Exercícios para fortalecer o abdômen\", \"nome_video\": \"Treino de Abdômen\", \"tags\": [\"exercício\", \"fitness\", \"treino\"]}"
  },
  {
    "[json]": "{\"author\": \"user11\", \"upload_timestamp\": \"2024-04-15 20:10:00.000Z\", \"video_id\": 111, \"descricao\": \"Fatos sobre astronomia\", \"nome_video\": \"Explorando o Universo\", \"tags\": [\"astronomia\", \"ciência\", \"espaço\"]}"
  },
  {
    "[json]": "{\"author\": \"user5\", \"upload_timestamp\": \"2024-01-25 14:00:00.000Z\", \"video_id\": 105, \"descricao\": \"Dicas para praticar meditação\", \"nome_video\": \"Meditação e Mindfulness\", \"tags\": [\"bem-estar\", \"meditação\", \"saúde\"]}"
  },
  {
    "[json]": "{\"author\": \"user16\", \"upload_timestamp\": \"2024-07-05 13:20:00.000Z\", \"video_id\": 116, \"descricao\": \"Como cuidar de plantas suculentas\", \"nome_video\": \"Cuidado de Suculentas\", \"tags\": [\"jardinagem\", \"plantas\", \"suculentas\"]}"
  },
  {
    "[json]": "{\"author\": \"user15\", \"upload_timestamp\": \"2024-06-25 15:30:00.000Z\", \"video_id\": 115, \"descricao\": \"Os melhores jogos de 2024\", \"nome_video\": \"Review de Jogos\", \"tags\": [\"jogos\", \"review\", \"tecnologia\"]}"
  },
  {
    "[json]": "{\"author\": \"user18\", \"upload_timestamp\": \"2024-08-10 08:30:00.000Z\", \"video_id\": 118, \"descricao\": \"Ideias de decoração para a sala de estar\", \"nome_video\": \"Decoração Criativa\", \"tags\": [\"casa\", \"decoração\", \"design\"]}"
  }
]